id;title;author;date
1;Licensed array;Parks;2020-01-04T09:17:33
2;Fresh optical;turquoise plug-and-play;2020-01-04T11:37:39
3;Inverse hierarchy withdrawal;Health Integrated;2020-01-04T03:32:40
4;Keyboard web-readiness portals;Libyan Arab Jamahiriya alarm alliance;2020-01-04T06:49:21
5;Implemented Berkshire PNG;scale Rwanda Franc;2020-01-04T01:38:16
6;Cambridgeshire Lead;innovative Sleek;2020-01-04T04:02:24
7;ADP generate;Program UIC-Franc;2020-01-03T15:22:08
8;groupware payment;back up Chair deposit;2020-01-03T22:51:22
9;Kansas Bedfordshire Loaf;relationships;2020-01-03T15:38:48
10;navigate Generic Fresh Sausages Kuwaiti Dinar;Towels Arkansas markets;2020-01-03T23:27:12
